ordinal	original_name	original_url	final_url	http_status	disposition	source	params_json	api_url	job_count	evidence_or_error
1	Tower Research	https://www.tower-research.com/open-positions	https://job-boards.greenhouse.io/towerresearchcapital	200	duplicate	greenhouse	"{""board_token"":""towerresearchcapital""}"	https://boards-api.greenhouse.io/v1/boards/towerresearchcapital/jobs?content=true	78	Tower Research Capital’s exact Greenhouse identity was already configured; this row is recorded without importing the board twice.
2	Microsoft India	https://careers.microsoft.com/	https://apply.careers.microsoft.com/careers?domain=microsoft.com	200	validated_supported	eightfold	"{""host"":""apply.careers.microsoft.com"",""domain"":""microsoft.com"",""location"":""India""}"	https://apply.careers.microsoft.com/api/pcsx/search?domain=microsoft.com	165	Microsoft’s first-party careers flow exposes this Eightfold host/domain; its anonymous search returned 165 India-scoped jobs and its detail endpoint returned complete descriptions.
3	Nutanix	https://nutanix.eightfold.ai/careers?&domain=nutanix.com	https://careers.nutanix.com/en/jobs/	200	validated_supported	nutanix	{}	https://careers.nutanix.com/en/jobs/xml/?rss=true	225	Nutanix’s current first-party careers board links a complete anonymous XML feed. Jobwatch parsed all 225 current jobs with stable requisition IDs, canonical public URLs, posting dates, locations, employment types, and full descriptions; the supplied Eightfold board is stale.
4	Uber	https://www.uber.com/in/en/careers/list/	https://iaziqy.fa.ocs.oraclecloud.com/hcmUI/CandidateExperience/en/sites/UberCareers	200	validated_supported	oraclece	"{""host"":""iaziqy.fa.ocs.oraclecloud.com"",""site"":""CX_1""}"	https://iaziqy.fa.ocs.oraclecloud.com/hcmRestApi/resources/latest/recruitingCEJobRequisitions	636	Uber’s current first-party apply flow identifies Oracle Candidate Experience site CX_1; its anonymous list returned 636 jobs and requisition details returned complete descriptions.
5	CRED	https://careers.cred.club/allJob	https://jobs.lever.co/cred	200	duplicate	lever	"{""site"":""cred""}"	https://api.lever.co/v0/postings/cred?mode=json	4	CRED’s exact Lever identity was already configured; this row is recorded without importing the board twice.
6	Adobe	https://careers.adobe.com/us/en	https://adobe.wd5.myworkdayjobs.com/en-US/external_experienced	200	duplicate	workday	"{""host"":""adobe.wd5.myworkdayjobs.com"",""tenant"":""adobe"",""site"":""external_experienced""}"	https://adobe.wd5.myworkdayjobs.com/wday/cxs/adobe/external_experienced/jobs	867	Adobe’s exact Workday identity was already configured; this row is recorded without importing the board twice.
7	Salesforce	https://www.salesforce.com/company/careers/	https://salesforce.wd12.myworkdayjobs.com/en-US/External_Career_Site	200	validated_supported	workday	"{""host"":""salesforce.wd12.myworkdayjobs.com"",""tenant"":""salesforce"",""site"":""External_Career_Site"",""max_postings"":2000}"	https://salesforce.wd12.myworkdayjobs.com/wday/cxs/salesforce/External_Career_Site/jobs	1483	Salesforce’s first-party careers flow links this exact Workday tenant/site; the list API returned 1,483 open jobs.
8	Amazon	https://www.amazon.jobs/en	https://www.amazon.jobs/en/search	200	validated_supported	amazon	"{""country_code"":""IND""}"	https://www.amazon.jobs/en/search.json?normalized_country_code%5B%5D=IND	2618	Amazon Jobs’ first-party JSON search returned 2,618 India-scoped active postings with stable IDs and full descriptions.
9	Sprinklr	https://sprinklr.wd1.myworkdayjobs.com/careers	https://sprinklr.wd1.myworkdayjobs.com/en-US/careers	200	duplicate	workday	"{""host"":""sprinklr.wd1.myworkdayjobs.com"",""tenant"":""sprinklr"",""site"":""careers""}"	https://sprinklr.wd1.myworkdayjobs.com/wday/cxs/sprinklr/careers/jobs	86	Sprinklr’s supplied Workday identity was already configured; this row is recorded without importing the board twice.
10	Palo Alto Networks	https://jobs.paloaltonetworks.com/	https://paloaltonetworks.wd5.myworkdayjobs.com/en-US/panwexternalcareers	200	duplicate	workday	"{""host"":""paloaltonetworks.wd5.myworkdayjobs.com"",""tenant"":""paloaltonetworks"",""site"":""panwexternalcareers""}"	https://paloaltonetworks.wd5.myworkdayjobs.com/wday/cxs/paloaltonetworks/panwexternalcareers/jobs	1409	Palo Alto Networks’ exact Workday identity was already configured; this row is recorded without importing the board twice.
11	BNY Mellon	https://bnymellon.eightfold.ai/careers?query=Technology&page=1	https://eofe.fa.us2.oraclecloud.com/hcmUI/CandidateExperience/en/sites/BNY-Careers	200	validated_supported	oraclece	"{""host"":""eofe.fa.us2.oraclecloud.com"",""site"":""BNY-Careers""}"	https://eofe.fa.us2.oraclecloud.com/hcmRestApi/resources/latest/recruitingCEJobRequisitions	1651	BNY’s official careers site now links Oracle Candidate Experience site BNY-Careers; its anonymous list returned 1,651 jobs, replacing the stale supplied Eightfold board.
12	Atlassian	https://www.atlassian.com/company/careers/all-jobs?team=Engineering&location=&search=	https://www.atlassian.com/company/careers/all-jobs	200	validated_supported	atlassian	{}	https://www.atlassian.com/endpoint/careers/listings	222	Atlassian’s first-party listings endpoint returned all 222 current jobs with stable IDs, locations, descriptions, and apply URLs.
13	BharatX	https://bharatx.tech/careers/	https://apply.workable.com/bharatx/	200	manual_review	workable	"{""account"":""bharatx""}"	https://apply.workable.com/api/v1/widget/accounts/bharatx?details=true	0	The first-party BharatX page and Workable metadata identify account bharatx, but its public API returned zero postings; retained for manual review rather than configuring an empty board.
14	Zomato	Only accept applications through employee referrals.			dead					The source supplies referral-only prose rather than a career URL; no current supported public board was verified.
15	App Dynamics	https://jobs.cisco.com/jobs/SearchJobs/appd	https://cisco.wd5.myworkdayjobs.com/en-US/Cisco_Careers	200	duplicate	workday	"{""host"":""cisco.wd5.myworkdayjobs.com"",""tenant"":""cisco"",""site"":""Cisco_Careers"",""max_postings"":2000}"	https://cisco.wd5.myworkdayjobs.com/wday/cxs/cisco/Cisco_Careers/jobs	1057	AppDynamics is a Cisco business and its supplied search now resolves within Cisco Careers. Cisco’s exact Workday board is already configured at ordinal 52, so importing this row separately would duplicate the same 1,057-job board.
16	Expedia Group	https://careers.expediagroup.com/jobs/	https://expedia.wd108.myworkdayjobs.com/en-US/search	200	duplicate	workday	"{""host"":""expedia.wd108.myworkdayjobs.com"",""tenant"":""expedia"",""site"":""search""}"	https://expedia.wd108.myworkdayjobs.com/wday/cxs/expedia/search/jobs	162	Expedia Group’s exact Workday identity was already configured; this row is recorded without importing the board twice.
17	Electronic Arts	https://www.ea.com/careers	https://jobs.ea.com/en_US/careers/SearchJobs	200	validated_supported	avature	"{""host"":""jobs.ea.com"",""site"":""en_US/careers"",""search_path"":""SearchJobs""}"	https://jobs.ea.com/en_US/careers/SearchJobs	384	EA’s first-party Avature search reported 384 complete paginated postings; detail pages expose stable role IDs and full descriptions.
18	Media.net	https://careers.media.net/	https://careers.media.net/	200	validated_supported	medianet	{}	https://careers.media.net/	7	Media.net’s first-party server-rendered careers page reported seven openings and each detail page returned a stable post ID and full role description.
19	Meesho	https://www.meesho.io/jobs	https://jobs.lever.co/meesho	200	duplicate	lever	"{""site"":""meesho""}"	https://api.lever.co/v0/postings/meesho?mode=json	43	Meesho’s exact Lever identity was already configured; this row is recorded without importing the board twice.
20	Mesho	https://www.meesho.io/jobs	https://www.meesho.io/jobs		duplicate					Exact duplicate of ordinal 19: the same Meesho career URL under the misspelled name “Mesho”; do not import twice.
21	DE Shaw & Co	https://www.deshaw.com/careers	https://www.deshaw.com/careers	200	validated_supported	deshaw	{}	https://www.deshaw.com/careers	89	D. E. Shaw’s first-party Next.js data contained 75 regular roles and 14 internships with stable IDs and complete descriptions.
22	Arcesium	https://careers.arcesium.com/go/All-Jobs/4687610/	https://job-boards.greenhouse.io/arcesiumllc	200	validated_supported	greenhouse	"{""board_token"":""arcesiumllc""}"	https://boards-api.greenhouse.io/v1/boards/arcesiumllc/jobs?content=true	29	Arcesium’s current first-party careers page exposes this identity-matched Greenhouse board; its public API returned HTTP 200 with 29 open jobs.
23	Data Insights	https://datainsights.de/careers/openings/	https://datainsights.de/careers/openings/	000	dead					The supplied Data Insights careers endpoint failed TLS/connection checks, and no current supported replacement board was verified.
24	Trilogy Innovations ( codenation)	mailto:careers@trilogyinnovations.com	mailto:careers@trilogyinnovations.com		dead					The source supplies only an email address, not a machine-readable careers board; no current supported replacement was verified.
25	Airbnb	https://careers.airbnb.com/positions/	https://job-boards.greenhouse.io/airbnb	200	duplicate	greenhouse	"{""board_token"":""airbnb""}"	https://boards-api.greenhouse.io/v1/boards/airbnb/jobs?content=true	197	Airbnb’s exact Greenhouse identity was already configured; this row is recorded without importing the board twice.
26	Visa	https://www.visa.co.in/en_in/jobs/	https://www.visa.co.in/en_in/jobs/	200	duplicate	multiple	"[{""source"":""workday"",""host"":""visa.wd5.myworkdayjobs.com"",""tenant"":""visa"",""site"":""Visa""},{""source"":""smartrecruiters"",""company_id"":""Visa""}]"	"[""https://visa.wd5.myworkdayjobs.com/wday/cxs/visa/Visa/jobs"",""https://api.smartrecruiters.com/v1/companies/Visa/postings?limit=100&offset=0""]"	907	Visa’s two exact supported identities (Workday and SmartRecruiters) were already configured; this source row is recorded without importing either board twice.
27	PayPal	https://paypal.eightfold.ai/careers?query=Engineering&domain=paypal.com&triggerGoButton=false	https://paypal.wd1.myworkdayjobs.com/en-US/jobs	200	validated_supported	workday	"{""host"":""paypal.wd1.myworkdayjobs.com"",""tenant"":""paypal"",""site"":""jobs""}"	https://paypal.wd1.myworkdayjobs.com/wday/cxs/paypal/jobs/jobs	147	PayPal’s current first-party careers flow links this Workday tenant/site; the list API returned HTTP 200 with 147 open jobs, replacing the stale supplied Eightfold URL.
28	Qualcomm	https://qualcomm.wd5.myworkdayjobs.com/External	https://qualcomm.wd12.myworkdayjobs.com/en-US/External	200	manual_review	workday	"{""host"":""qualcomm.wd12.myworkdayjobs.com"",""tenant"":""qualcomm"",""site"":""External""}"	https://qualcomm.wd12.myworkdayjobs.com/wday/cxs/qualcomm/External/jobs	0	The supplied wd5 address is stale. Qualcomm’s current wd12 Workday list API returned zero postings while the careers UI showed inconsistent results, so no live board was configured.
29	ShareChat	https://sharechat.com/careers	https://sharechat.mynexthire.com/employer/careers	200	validated_supported	mynexthire	"{""host"":""sharechat.mynexthire.com""}"	https://sharechat.mynexthire.com/employer/careers/reqlist/get	4	ShareChat’s first-party careers flow identifies this MyNextHire tenant; its anonymous request returned four open requisitions with full descriptions.
30	Texas Instruments	https://careers.ti.com/search-jobs/	https://edbz.fa.us2.oraclecloud.com/hcmUI/CandidateExperience/en/sites/CX	200	validated_supported	oraclece	"{""host"":""edbz.fa.us2.oraclecloud.com"",""site"":""CX""}"	https://edbz.fa.us2.oraclecloud.com/hcmRestApi/resources/latest/recruitingCEJobRequisitions	515	Texas Instruments’ first-party careers flow identifies Oracle Candidate Experience site CX; its anonymous list returned 515 jobs and detail records.
31	Texas Instruments				duplicate					Duplicate of ordinal 30: the same Texas Instruments company entry with no separate career target.
32	Commvault Systems Pvt LTD	https://careers.commvault.com/us/en	https://job-boards.greenhouse.io/commvault	200	duplicate	greenhouse	"{""board_token"":""commvault""}"	https://boards-api.greenhouse.io/v1/boards/commvault/jobs?content=true	87	Commvault’s exact Greenhouse identity was already configured; this row is recorded without importing the board twice.
33	Linkedin	https://www.linkedin.com/jobs/linkedin-jobs-worldwide?f_C=2587638%2C39939%2C9202023%2C1337&trk=top-card_top-card-primary-button-top-card-primary-cta&position=1&pageNum=0	https://careers.linkedin.com/	200	manual_review					LinkedIn’s first-party careers site routes its Jobs action back into LinkedIn Jobs. The anonymous search reported 243 results, but offsets 0–290 produced only 105 unique IDs with repeated pages, changing results, and empty nonterminal gaps; individual details work, but no trustworthy list-completion contract exists, so importing it would risk silent truncation.
34	Blinkit (Grofers)	https://blinkit.com/careers/jobs	https://blinkit.com/careers/jobs	403	manual_review					The supplied Blinkit jobs page denied automated access (HTTP 403), and no exact supported ATS identity could be established independently; manual review required.
35	Apollo247				dead					No career target is supplied for this row, and no current supported public board could be verified.
36	Apollo247				duplicate					Exact duplicate of ordinal 35: the same Apollo247 entry with no career target.
37	Pocketpills (Casahealth Tech Pvt Ltd)	https://pocketpills.bamboohr.com/careers	https://pocketpills.bamboohr.com/careers	200	manual_review	bamboohr	"{""company_slug"":""pocketpills""}"	https://pocketpills.bamboohr.com/careers/list	0	PocketPills BambooHR metadata identifies the company, but the public list returned zero postings; retained for manual review rather than configuring an empty board.
38	nurture.farm	https://nurture.skillate.com/	https://careers.upl-ltd.com/nurture_farm/go/nurture_farm/7865410/	200	manual_review					nurture.farm’s current first-party Join Us page still hands off to the supplied Skillate board, but that board timed out in both anonymous HTTP and browser checks. Parent UPL’s official branded nurture.farm category independently reports no matching openings; the visible UPL convenience jobs are not nurture roles, so this remains an empty-board manual recheck.
39	Razorpay	https://razorpay.com/jobs/jobs-all/?location=all&department=	https://job-boards.greenhouse.io/razorpaysoftwareprivatelimited	200	duplicate	greenhouse	"{""board_token"":""razorpaysoftwareprivatelimited""}"	https://boards-api.greenhouse.io/v1/boards/razorpaysoftwareprivatelimited/jobs?content=true	22	Razorpay’s exact Greenhouse identity was already configured; this row is recorded without importing the board twice.
40	Morgan Stanley	https://www.morganstanley.com/careers/career-opportunities-search	https://morganstanley.eightfold.ai/careers?domain=morganstanley.com	200	validated_supported	eightfold	"{""host"":""morganstanley.eightfold.ai"",""domain"":""morganstanley.com"",""location"":""India""}"	https://morganstanley.eightfold.ai/api/pcsx/search?domain=morganstanley.com	102	Morgan Stanley’s first-party careers flow exposes this Eightfold host/domain; its anonymous search returned 102 India-scoped jobs and complete detail records.
41	Zynga	https://www.zynga.com/jobs/job-openings/	https://job-boards.greenhouse.io/zyngacareers	200	validated_supported	greenhouse	"{""board_token"":""zyngacareers""}"	https://boards-api.greenhouse.io/v1/boards/zyngacareers/jobs?content=true	50	Zynga’s current board self-identifies as Zynga Careers; the exact Greenhouse API returned HTTP 200 with 50 open jobs.
42	Hella Infra Market Private Limited	https://imcareers.peoplestrong.com/job/joblist	https://hr1.to//56f9dd	200	manual_review	hrone	"{""domain_code"":""infra"",""api_key"":""6YxX23eqtwshPSTFPNk3Qz4X0QMCf5-mK6fQ_QAngIkmAcIzyOhH5dvf9QeMs5kOjj8B0kRCcRqvItav2wUneDVvWgs0k8r5u9PYicIIiwBRAxsXiN630qpSKsvn8yVa"",""request_type"":""UVozgs-AUV1ILPLBxDlf7A"",""company_code"":""wsfN2dASB51O-xE0FRHd_g""}"	https://app.hrone.cloud/api/external/referral/CareerPosition/Details	0	Infra.Market’s current first-party careers page links this active, identity-matched HROne tenant. Its anonymous list returned a coherent empty array at multiple page sizes; the reusable HROne adapter fits the published coordinates, but no current role exists to validate this tenant’s detail/apply contract, so the empty board is retained for manual review rather than configured.
43	Cure.fit	https://www.cult.fit/careers	https://careers.cult.fit/	200	validated_supported	zwayam	"{""domain"":""careers.cult.fit"",""company_id"":""15470""}"	https://public.zwayam.com/jobs/search	131	Cult.fit’s current first-party careers page is backed by Zwayam. The anonymous multipart search returned all 131 unique jobs across 14 complete pages, and all 131 JSON detail responses were live-validated with open status and full descriptions.
44	JUSPAY	https://juspay.in/careers	https://joinus.juspay.in/	200	validated_supported	juspay	{}	https://joinus.juspay.in/api/careerJobOpening?limit=1000&isGlobal=true	2	JUSPAY’s first-party careers application exposes this anonymous endpoint; it returned two active global openings with stable IDs and full descriptions.
45	Providence				duplicate					Duplicate of ordinal 46: the same Providence company entry, with no separate career target.
46	Providence	https://www.providence.in/careers.html	https://careers.providence.in/	200	validated_supported	successfactors	"{""host"":""careers.providence.in""}"	https://careers.providence.in/search/	108	Providence India’s first-party careers flow links this SuccessFactors board; its complete paginated search returned 108 jobs and public detail pages.
47	Human Holdings				dead					No career target is supplied for this row, and no current supported public board could be verified.
48	Walmart Global Tech India	https://careers.walmart.com/results?q=&page=1&sort=rank&expand=department,brand,type,rate&jobCareerArea=0000015e-b97d-d143-af5e-bd7da8ca0000	https://careers.walmart.com/in/en/jobs/	200	validated_supported	walmart	{}	https://careers.walmart.com/api/ai/search-ai/api/v1/combined/hybrid-search	231	Walmart's first-party anonymous search applied both brand=Walmart and country=IN filters; its complete response currently normalized 231 unique external India jobs with full descriptions and stable requisition IDs.
49	Human Holdings				duplicate					Exact duplicate of ordinal 47: the same Human Holdings entry with no career target.
50	Gullak Money				dead					No career target is supplied for this row, and no current supported public board could be verified.
51	OfBusiness	https://careers.ofbusiness.com/	https://www.ofbcareers.com/categories	200	validated_supported	ofbusiness	{}	https://www.ofbcareers.com/categories	65	OfBusiness’s current first-party Wix careers collection declared 72 records across 18 pages. Jobwatch ignored the one exact, structurally blank CMS shell and reconciled six shadow records whose shared detail routes currently resolve to another collection record, leaving 65 complete actionable postings with stable UUIDs and full descriptions.
52	CISCO	https://jobs.cisco.com/jobs/SearchJobs/?source=Cisco+Jobs+Career+Site&tags=CDC+Browse+all+jobs+careers	https://cisco.wd5.myworkdayjobs.com/en-US/Cisco_Careers	200	validated_supported	workday	"{""host"":""cisco.wd5.myworkdayjobs.com"",""tenant"":""cisco"",""site"":""Cisco_Careers"",""max_postings"":2000}"	https://cisco.wd5.myworkdayjobs.com/wday/cxs/cisco/Cisco_Careers/jobs	1057	Cisco’s current first-party careers flow resolves to this exact Workday tenant/site; its list API returned 1,057 open jobs.
53	CISCO				duplicate					Duplicate of ordinal 52: the same Cisco company entry with no separate career target.
54	SAP Labs	https://jobs.sap.com/	https://jobs.sap.com/	200	validated_supported	successfactors	"{""host"":""jobs.sap.com""}"	https://jobs.sap.com/search/	828	SAP’s first-party SuccessFactors board returned all 828 current jobs through its anonymous paginated search and public detail pages.
55	Flexcar IDC				dead					No career target is supplied for this row, and no current supported public board could be verified.
56	Sembly				dead					No career target is supplied for this row, and no current supported public board could be verified.
57	Wellsfargo	https://wd1.myworkdaysite.com/recruiting/wf/WellsFargoJobs	https://wd1.myworkdaysite.com/en-US/recruiting/wf/WellsFargoJobs	200	validated_supported	workday	"{""host"":""wd1.myworkdaysite.com"",""tenant"":""wf"",""site"":""WellsFargoJobs""}"	https://wd1.myworkdaysite.com/wday/cxs/wf/WellsFargoJobs/jobs	1814	The supplied Wells Fargo Workday identity is exact; the list API returned HTTP 200 with 1,814 open jobs.
58	Steradian Semiconductors Pvt Ltd	https://jobs.renesas.com/search/?createNewAlert=false&q=&locationsearch=&optionsFacetsDD_country=&optionsFacetsDD_customfield1=&optionsFacetsDD_customfield3=	https://careers.smartrecruiters.com/RenesasElectronics	200	validated_supported	smartrecruiters	"{""company_id"":""RenesasElectronics""}"	https://api.smartrecruiters.com/v1/companies/RenesasElectronics/postings?limit=100&offset=0	883	The supplied Steradian row points to Renesas’s first-party careers site after acquisition; current jobs expose the identity-matched RenesasElectronics SmartRecruiters board, whose API returned 883 open jobs.
59	Slice	https://careers.smartrecruiters.com/slice1	https://careers.kula.ai/slice	200	validated_supported	kula	"{""account_name"":""slice""}"	https://careers.kula.ai/api/internal/ats_job_posts?accountName=slice&type=ats_job_post.index&items=99&page=1	39	Slice’s current first-party careers flow identifies Kula account slice; its complete anonymous response returned 39 active jobs with stable IDs and full descriptions. The supplied SmartRecruiters board is stale.
60	Silicon labs	https://silabs.wd1.myworkdayjobs.com/SiliconlabsCareers	https://silabs.wd1.myworkdayjobs.com/en-US/SiliconlabsCareers	200	validated_supported	workday	"{""host"":""silabs.wd1.myworkdayjobs.com"",""tenant"":""silabs"",""site"":""SiliconlabsCareers""}"	https://silabs.wd1.myworkdayjobs.com/wday/cxs/silabs/SiliconlabsCareers/jobs	43	The supplied Silicon Labs Workday tenant/site is exact; the list API returned HTTP 200 with 43 open jobs.
61	BYJU'S	https://byjus.com/careers-at-byjus/#join-our-team	https://byjus.com/careers-at-byjus/#join-our-team	200	dead					The careers landing page still renders, but 13 of its 15 department actions are broken or redirect to unrelated educational pages. The remaining sales application is a static page last modified in 2021 rather than a current complete board, so no actionable company-wide posting set was verified.
62	Cashfree	https://www.cashfree.com/careers/	https://careers.kula.ai/cashfree	200	validated_supported	kula	"{""account_name"":""cashfree""}"	https://careers.kula.ai/api/internal/ats_job_posts?accountName=cashfree&type=ats_job_post.index&items=99&page=1	48	Cashfree’s first-party careers flow identifies Kula account cashfree; its complete anonymous response returned 48 active jobs with stable IDs and full descriptions.
63	Goldman Sachs	https://www.goldmansachs.com/careers/	https://higher.gs.com/	200	validated_supported	highergs	{}	https://api-higher.gs.com/gateway/api/v1/graphql	1156	Goldman Sachs’ first-party Higher site uses this anonymous GraphQL boundary; paged GetRoles returned 1,156 roles and GetRoleById returned complete descriptions.
64	Harness	https://jobs.lever.co/harness	https://job-boards.greenhouse.io/harnessinc	200	validated_supported	greenhouse	"{""board_token"":""harnessinc""}"	https://boards-api.greenhouse.io/v1/boards/harnessinc/jobs?content=true	95	Harness’s current first-party careers page loads the harnessinc Greenhouse board; its API returned HTTP 200 with 95 open jobs. The supplied Lever board is stale.
65	Komprise India Private	https://www.linkedin.com/company/komprise	https://www.komprise.com/company/careers/	200	validated_supported	komprise	{}	https://www.komprise.com/job_listing-sitemap.xml	7	Komprise’s current first-party WordPress job sitemap exposed seven active role pages with stable slugs and full descriptions; the supplied LinkedIn company page was not used as the data source.
66	Maxlinear Technologies	https://www.maxlinear.com/company/careers	https://www.maxlinear.com/company/careers	200	validated_supported	multiple	"[{""source"":""icims"",""host"":""careersus-maxlinear.icims.com""},{""source"":""icims"",""host"":""careersintl-maxlinear.icims.com""}]"	"[""https://careersus-maxlinear.icims.com/jobs/search?pr=0&in_iframe=1"",""https://careersintl-maxlinear.icims.com/jobs/search?pr=0&in_iframe=1""]"	70	MaxLinear’s first-party careers page links two identity-distinct iCIMS boards; their complete anonymous searches returned 28 US and 42 international jobs with public details.
67	JP MORGAN CHASE	https://www.jpmorganchase.com/institute/about/careers	https://jpmc.fa.oraclecloud.com/hcmUI/CandidateExperience/en/sites/CX_1001	200	validated_supported	oraclece	"{""host"":""jpmc.fa.oraclecloud.com"",""site"":""CX_1001"",""location"":""India""}"	https://jpmc.fa.oraclecloud.com/hcmRestApi/resources/latest/recruitingCEJobRequisitions	492	JPMorgan Chase’s current careers flow identifies Oracle Candidate Experience site CX_1001; its India-scoped anonymous list returned 492 unique jobs and complete requisition details.
68	CHARGEBEE	https://jobs.chargebee.com/?_gl=11x55y0u_gcl_au*NjY1NzA4NDUyLjE2ODUzNDI0Mjg	https://jobs.chargebee.com/	200	validated_supported	successfactors	"{""host"":""jobs.chargebee.com""}"	https://jobs.chargebee.com/search/	1	Chargebee’s first-party SuccessFactors board returned one current opening and a complete public detail page.
69	HyperVerge	https://apply.workable.com/hyperverge/?lng=en#jobs	https://hyperverge.co/careers/	200	manual_review	hyperverge	{}	https://hyperverge.co/careers/	12	HyperVerge’s first-party page currently exposes 12 unique role cards: nine LinkedIn targets report closed, one LinkedIn role remains anonymously actionable, and two roles share a sign-in-only Google Form whose descriptions cannot be hydrated. The company-specific adapter therefore fails explicitly instead of returning an incomplete snapshot; the board remains unconfigured pending a complete anonymous contract.
70	JUSPAY	https://juspay.in/careers	https://juspay.in/careers		duplicate					Exact duplicate of ordinal 44: the same JUSPAY name and career URL.
71	Samsung Semiconductor India Research	https://sec.wd3.myworkdayjobs.com/Samsung_Careers	https://sec.wd3.myworkdayjobs.com/en-US/Samsung_Careers	200	validated_supported	workday	"{""host"":""sec.wd3.myworkdayjobs.com"",""tenant"":""sec"",""site"":""Samsung_Careers""}"	https://sec.wd3.myworkdayjobs.com/wday/cxs/sec/Samsung_Careers/jobs	606	The supplied Workday identity is exact; its group-wide API returned HTTP 200 with 606 jobs across Samsung Electronics entities, including Samsung Semiconductor India Research.
72	Schlumberger	https://careers.slb.com/job-listing	https://careers.slb.com/job-listing	200	validated_supported	slb	{}	https://platform.cloud.coveo.com/rest/search/v2	71	SLB’s first-party page embeds an anonymous Coveo organization, token, search hub, and source; the India-scoped search returned 71 jobs and SLB detail pages returned full descriptions.
73	Udaan	https://udaan.darwinbox.in/ms/candidate/careers	https://udaan.darwinbox.in/ms/candidatev2/main/careers/home	200	dead					Udaan’s Darwinbox company configuration explicitly sets recruitment_enabled=false. Its 21 residual API records were posted from July 2022 through January 2023, so the disabled tenant is authoritative and those historical rows are not imported as current openings.
74	Nykaa	https://www.nykaafashion.com/lp/careers	https://careers.nykaa.com/	200	validated_supported	nykaa	{}	https://careers.nykaa.com/?page=1	22	Nykaa’s current first-party Skima-backed board reported 22 jobs across complete server-rendered pages; detail pages expose stable UUIDs and full descriptions.
75	CASA RETAIL AI	https://casaretail.ai/careers#openingsSection	https://casaretail.ai/careers#openingsSection	404	dead					The supplied CASA Retail AI careers page returned HTTP 404, and no current supported replacement board was verified.
76	Kaleyra	https://apply.workable.com/kaleyra/	https://kaleyra-talent.freshteam.com/jobs	200	validated_supported	freshteam	"{""company_slug"":""kaleyra-talent""}"	https://kaleyra-talent.freshteam.com/jobs	3	Kaleyra’s current first-party Freshteam board reported exactly three open jobs; all three schema.org detail pages were live-validated with stable opaque IDs, canonical URLs, posting dates, employment types, locations, and full descriptions. The supplied Workable board is stale.
77	FAREPORTAL	https://www.fareportal.com/careers/	https://www.fareportal.com/careers/	404	dead					The supplied Fareportal careers page returned HTTP 404, and no current supported replacement board was verified.
78	JUNGLEE GAMES	https://apply.workable.com/junglee-games/?lng=en	https://flutterbe.wd3.myworkdayjobs.com/en-US/Junglee_Games	200	validated_supported	workday	"{""host"":""flutterbe.wd3.myworkdayjobs.com"",""tenant"":""flutterbe"",""site"":""Junglee_Games""}"	https://flutterbe.wd3.myworkdayjobs.com/wday/cxs/flutterbe/Junglee_Games/jobs	2	Junglee Games’ first-party careers page links this Workday tenant/site; its API returned HTTP 200 with 2 open jobs. The supplied Workable board is now empty.
79	Komprise India Private	https://www.linkedin.com/company/komprise	https://www.linkedin.com/company/komprise		duplicate					Exact duplicate of ordinal 65: the same Komprise name and LinkedIn URL.
80	LetsTransport	https://hire.auzmor.com/letstransport/careers	https://hire.auzmor.com/letstransport/careers	200	validated_supported	auzmor	"{""domain"":""letstransport""}"	https://hire.api.auzmor.com/api/v1/careers/letstransport/groupByDepartment?limit=10000&offset=0	24	LetsTransport’s anonymous Auzmor API returned all five department groups and 24 OPEN, PUBLISHED external jobs; all 24 detail responses were live-validated with stable UUIDs and full descriptions.
81	Richpanel	https://richpanel.applytojob.com/apply	https://www.richpanel.com/careers	200	validated_supported	richpanel	{}	https://www.richpanel.com/careers	3	Richpanel’s current first-party careers page exposes three stable role URLs and complete detail pages; the supplied JazzHR URL is stale.
82	Siemens EDA	https://jobs.sw.siemens.com/	https://jobs.sw.siemens.com/	200	validated_supported	siemensjobs	{}	https://prod-search-api.jobsyn.org/api/v1/solr/search?businessStructures=electronic-design-automation-eda&num_items=10&page=1	244	Siemens EDA’s first-party Jobsyn search returned 244 complete paginated posting-location records with stable GUIDs and embedded descriptions.
83	SquadStack	https://www.squadstack.com/careers	https://squadrun.keka.com/careers/	200	validated_supported	keka	"{""host"":""squadrun.keka.com"",""portal"":""default"",""identifier"":""c750f148-70b8-4a21-868e-f891a1b2d818""}"	https://squadrun.keka.com/careers/api/embedjobs/default/active/c750f148-70b8-4a21-868e-f891a1b2d818	14	SquadStack’s first-party careers flow exposes this Keka tenant, portal, and embed identifier; the anonymous endpoint returned 14 jobs with full descriptions.
84	Oyo	http://oyorooms.careersitemanager.com/	http://oyorooms.careersitemanager.com/	000	dead					The supplied Oyo careers host no longer resolves, and no current supported replacement board was verified.
85	Atlan	https://atlan.com/careers/#job-list	https://jobs.ashbyhq.com/atlan	200	duplicate	ashby	"{""board_name"":""atlan""}"	https://api.ashbyhq.com/posting-api/job-board/atlan	4	Atlan’s exact Ashby identity was already configured; this row is recorded without importing the board twice.
86	VMware	https://careers.vmware.com/careers-home/jobs	https://careers.vmware.com/careers-home/jobs	000	dead					The supplied VMware careers host is defunct after acquisition, and no exact current supported replacement board was verified.
87	Nation with Namo	https://gilp.nationwithnamo.com/#openings	https://gilp.nationwithnamo.com/	200	manual_review	nationwithnamo	{}	https://gilp.nationwithnamo.com/apply.html	0	The first-party GILP page publishes a July 17–October 4, 2026 schedule, but its Apply action is commented out and the application page explicitly says all applications are closed. A strict company-specific source is included for a future active cohort, but the current empty/contradictory board is not configured.
88	PayU	https://corporate.payu.com/job-board/	https://corporate.payu.com/job-board/	200	validated_supported	payu	{}	https://corporate.payu.com/job-board/	11	PayU’s first-party board reported and rendered all 11 active positions; stable role UUIDs, matching apply identities, and full detail pages were verified.
89	Cloudera	https://cloudera.wd5.myworkdayjobs.com/External_Career	https://cloudera.wd5.myworkdayjobs.com/en-US/External_Career	200	duplicate	workday	"{""host"":""cloudera.wd5.myworkdayjobs.com"",""tenant"":""cloudera"",""site"":""External_Career""}"	https://cloudera.wd5.myworkdayjobs.com/wday/cxs/cloudera/External_Career/jobs	81	Cloudera’s supplied Workday identity was already configured; this row is recorded without importing the board twice.
90	Airoha Technology	https://www.airoha.com/recruit/jobs	https://careers.airoha.com/Jobs	200	validated_supported	airoha	{}	https://careers.airoha.com/Jobs?page=1	36	Airoha’s current first-party careers table returned 36 jobs across complete paginated pages; detail pages expose stable UUIDs and full descriptions.
91	AMAZON INDIA				duplicate					Duplicate company entry for Amazon at ordinal 8, with no separate career target.
92	AMAZON INDIA				duplicate					Duplicate company entry for Amazon at ordinal 8, with no separate career target.
93	Oracle GBU	https://careers.oracle.com/jobs/#en/sites/jobsearch/requisitions?mode=location	https://eeho.fa.us2.oraclecloud.com/hcmUI/CandidateExperience/en/sites/CX_45001	200	validated_supported	oraclece	"{""host"":""eeho.fa.us2.oraclecloud.com"",""site"":""CX_45001""}"	https://eeho.fa.us2.oraclecloud.com/hcmRestApi/resources/latest/recruitingCEJobRequisitions	2313	Oracle Careers identifies Candidate Experience site CX_45001; its anonymous list returned 2,313 jobs and full requisition detail records.
94	Audify Tech	https://www.audifytech.com/Jobs	https://www.audifytech.com/Jobs	200	dead					Audify’s 2023 static bundle still renders eight role cards, but every application upload is hard-coded to http://localhost:8000/api/file/upload and cannot submit to the company. The page therefore exposes zero actionable current openings.
95	CITI Bank (CISPL)	https://jobs.citi.com/category/technology-jobs/287/19627/1	https://citi.wd5.myworkdayjobs.com/en-US/2	200	duplicate	workday	"{""host"":""citi.wd5.myworkdayjobs.com"",""tenant"":""citi"",""site"":""2""}"	https://citi.wd5.myworkdayjobs.com/wday/cxs/citi/2/jobs	2000	Citi’s exact Workday identity was already configured; this row is recorded without importing the board twice.
96	Jubilant FoodWorks	https://jubilantcareer.jubl.com/	https://jubilantcareer.jubl.com/	200	validated_supported	jubilant	"{""country_code"":""IND""}"	https://jubilantcareer.jubl.com/JubilantCareersPortal/rest/Portal/getAllJobs	56	The supplied URL is Jubilant Bhartia Group’s portal (not a Jubilant FoodWorks board). Its anonymous first-party list returned 56 India jobs, and all 56 detail endpoints were live-validated with active status, full descriptions, and posting dates.
97	MAKEMYTRIP	https://careers.makemytrip.com/prod/jobs	https://careers.makemytrip.com/prod/jobs	200	validated_supported	makemytrip	{}	https://careers.makemytrip.com/api/jobs	51	MakeMyTrip’s anonymous first-party API returned 51 public India jobs; its business-unit counts and location facets cross-check the complete list, and per-job detail endpoints expose full descriptions.
98	MathWorks India	https://www.mathworks.com/company/jobs/opportunities.html	https://www.mathworks.com/company/jobs/opportunities.html	403	manual_review					The supplied MathWorks page returned HTTP 403 and current evidence did not establish one unambiguous supported ATS identity; manual review required.
99	Voxela, Inc.	https://wellfound.com/company/voxela/jobs	https://wellfound.com/company/voxela/jobs	200	dead					Voxela remains an active company but exposes no first-party careers surface. Its only supplied/listed role is a Technical Support internship marked as posted four years ago on Wellfound, so the stale third-party listing is not imported as current.
100	CISCO	https://jobs.cisco.com/	https://jobs.cisco.com/		duplicate					Duplicate of ordinal 52: the same Cisco company/careers system; do not import the entry again.
101	CISCO	https://jobs.cisco.com/	https://jobs.cisco.com/		duplicate					Duplicate of ordinal 52: the same Cisco company/careers system; do not import the entry again.
102	CISCO	https://jobs.cisco.com/	https://jobs.cisco.com/		duplicate					Duplicate of ordinal 52: the same Cisco company/careers system; do not import the entry again.
103	CISCO	https://jobs.cisco.com/	https://jobs.cisco.com/		duplicate					Duplicate of ordinal 52: the same Cisco company/careers system; do not import the entry again.
104	American Express	https://www.americanexpress.com/en-us/careers/career-areas/technology/?intlink=us-amex-career-en-us-careerArea-Technology	https://egug.fa.us2.oraclecloud.com/hcmUI/CandidateExperience/en/sites/CX_1	200	validated_supported	oraclece	"{""host"":""egug.fa.us2.oraclecloud.com"",""site"":""CX_1""}"	https://egug.fa.us2.oraclecloud.com/hcmRestApi/resources/latest/recruitingCEJobRequisitions	355	American Express’ first-party careers flow identifies Oracle Candidate Experience site CX_1; its anonymous list returned 355 jobs and complete details.
105	Hewlett Packard Enterprise	https://jobs.hp.com/search-results/	https://hp.wd5.myworkdayjobs.com/en-US/ExternalCareerSite	200	duplicate	workday	"{""host"":""hp.wd5.myworkdayjobs.com"",""tenant"":""hp"",""site"":""ExternalCareerSite""}"	https://hp.wd5.myworkdayjobs.com/wday/cxs/hp/ExternalCareerSite/jobs	715	The supplied jobs.hp.com target resolves to HP’s exact Workday identity, already configured as HP; it does not establish a separate HPE board.
106	Jio	https://careers.jio.com/	https://careers.jio.com/frmJobCategories.aspx?n=1	200	validated_supported	jio	"{""functions"":""0206,0210,0216,0222"",""max_postings"":1000}"	https://careers.jio.com/frmJobCategories.aspx?n=1	291	Jio’s anonymous ASP.NET careers portal declared 291 jobs across the four configured technical functions (Engineering & Technology, IT & Systems, Product Management, and Information Security). Jobwatch follows the server-signed paginated session state, emits stable requisition IDs, and live-validated every detail in a 34-job IT-only production run.
107	Amagi Media Labs	https://www.amagi.com/careers-we-are-hiring	https://amagi.mynexthire.com/employer/careers	200	validated_supported	mynexthire	"{""host"":""amagi.mynexthire.com""}"	https://amagi.mynexthire.com/employer/careers/reqlist/get	11	Amagi’s first-party careers flow identifies this MyNextHire tenant; its anonymous request returned 11 open requisitions with full descriptions.
108	Barclays	https://search.jobs.barclays/	https://barclays.wd3.myworkdayjobs.com/en-US/External_Career_Site_Barclays	200	duplicate	workday	"{""host"":""barclays.wd3.myworkdayjobs.com"",""tenant"":""barclays"",""site"":""External_Career_Site_Barclays""}"	https://barclays.wd3.myworkdayjobs.com/wday/cxs/barclays/External_Career_Site_Barclays/jobs	1117	Barclays’ exact Workday identity was already configured; this row is recorded without importing the board twice.
109	Cogoport	https://cogoport-team.freshteam.com/jobs	https://www.cogoport.com/en-IN/company/careers	200	manual_review					Jobwatch now supports Freshteam, but the supplied Cogoport tenant returns HTTP 500 and cannot establish a current board. Cogoport’s first-party careers page lists no specific openings and only invites candidates to email a resume, so there is no complete posting set to automate; manual review is retained.
110	Fastenal	https://careers.fastenal.com/jobs	https://jobs.fastenal.com/jobs	200	validated_supported	fastenal	{}	https://jobs.fastenal.com/load-jobs	774	Fastenal’s first-party stateful search returned all 774 postings through its anonymous CSRF/session flow; stable numeric IDs and complete detail pages were verified.
111	HyperVerge	https://apply.workable.com/hyperverge/?lng=en	https://apply.workable.com/hyperverge/?lng=en		duplicate					Duplicate of ordinal 69: the same HyperVerge Workable account; do not import the entry again.
112	IBM	https://www.ibm.com/careers/in-en/search/	https://www.ibm.com/careers/in-en/search/	200	validated_supported	ibm	"{""appid"":""careers"",""scope"":""careers2"",""rc"":""in""}"	https://www-api.ibm.com/search/api/v1/ibmcom/appid/careers/responseFormat/json	28	IBM's first-party anonymous careers search returned all 28 India-scoped results with stable job IDs, canonical public URLs, posting dates, locations, and complete descriptions in the list response.
113	SWYM Corporation	https://wellfound.com/company/swym/jobs	https://jobs.getswym.com/	200	validated_supported	polymer	"{""organization_slug"":""swym""}"	https://api.polymer.co/v1/hire/organizations/swym/jobs	8	SWYM’s current first-party Polymer board exposed eight open jobs through Polymer’s documented anonymous API. Jobwatch fetched the complete declared list and live-validated all eight detail records with stable IDs, canonical application URLs, posting dates, employment types, locations, and full descriptions; the supplied Wellfound link is stale.
114	Tekion India Private limited	https://tekion.com/job-openings/united-states/all	https://job-boards.greenhouse.io/tekion	200	validated_supported	greenhouse	"{""board_token"":""tekion""}"	https://boards-api.greenhouse.io/v1/boards/tekion/jobs?content=true	76	Tekion’s current first-party careers page embeds the tekion Greenhouse board; its API returned HTTP 200 with 76 open jobs.
115	Sabre Corporation	https://sabre.wd1.myworkdayjobs.com/SabreJobs	https://sabre.wd1.myworkdayjobs.com/en-US/SabreJobs	200	duplicate	workday	"{""host"":""sabre.wd1.myworkdayjobs.com"",""tenant"":""sabre"",""site"":""SabreJobs""}"	https://sabre.wd1.myworkdayjobs.com/wday/cxs/sabre/SabreJobs/jobs	123	Sabre’s supplied Workday identity was already configured; this row is recorded without importing the board twice.
116	Cradlepoint	https://cradlepoint.com/about-us/careers/	https://jobs.ericsson.com/careers?page=1&jobPipeline=careersite&query=Cradlepoint	200	validated_supported	eightfold	"{""host"":""jobs.ericsson.com"",""domain"":""ericsson.com"",""query"":""Cradlepoint""}"	https://jobs.ericsson.com/api/pcsx/search?domain=ericsson.com&query=Cradlepoint&start=0	4	Cradlepoint’s current first-party careers page links to Ericsson’s Eightfold board; its anonymous search returned 4 Cradlepoint-matched open roles with stable detail endpoints.
117	Enphase Energy	https://enphase.com/en-in/careers	https://enphase.com/en-in/careers	200	validated_supported	enphase	{}	https://enphase.com/api/v2/jobs?page=0	100	Enphase’s first-party careers page uses this anonymous paginated JSON proxy; with the page’s required public Origin/Referer headers it returned 100 jobs with descriptions and apply URLs.
118	Publicis Sapient	https://careers.publicissapient.com/job-search?&country=India	https://careers.publicissapient.com/job-search?country=India	200	validated_supported	publicissapient	{}	https://careers.publicissapient.com/bin/ps-redesign/careersJobsearch?country=India&start=0&rows=100	16	Publicis Sapient’s first-party India search endpoint returned 46 location documents representing 16 unique requisitions. Jobwatch groups the location variants by requisition, validates their shared fields, aggregates locations deterministically, and uses structured first-party detail data for full descriptions and employment types.
119	Air Asia	https://mycareer.airasia.com/gb/en/search-results	https://airasia.wd3.myworkdayjobs.com/en-US/Careers	200	validated_supported	workday	"{""host"":""airasia.wd3.myworkdayjobs.com"",""tenant"":""airasia"",""site"":""Careers""}"	https://airasia.wd3.myworkdayjobs.com/wday/cxs/airasia/Careers/jobs	161	AirAsia’s current first-party careers page exposes this Workday tenant/site; the list API returned HTTP 200 with 161 open jobs.
120	Bosch Global Software Technologies	https://careers.smartrecruiters.com/BoschGroup/india	https://careers.smartrecruiters.com/BoschGroup	200	duplicate	smartrecruiters	"{""company_id"":""BoschGroup""}"	https://api.smartrecruiters.com/v1/companies/BoschGroup/postings?limit=100&offset=0	4737	BoschGroup’s exact SmartRecruiters identity was already configured; this row is recorded without importing the board twice.
121	Celigo	https://www.celigo.com/careers/	https://job-boards.greenhouse.io/celigo	200	duplicate	greenhouse	"{""board_token"":""celigo""}"	https://boards-api.greenhouse.io/v1/boards/celigo/jobs?content=true	27	Celigo’s exact Greenhouse identity was already configured. The upstream cell also concatenates a separate Codemantra link, which is accounted for at ordinal 122 and is not attributed to Celigo.
122	Codemantra	https://codemantra.com/careers/	https://codemantra.com/careers/	404	dead					The supplied Codemantra careers page returned HTTP 404, and no current supported replacement board was verified.
123	MONEYVIEW	https://moneyview.in/careers?collapseone#engineering	https://moneyview.darwinbox.in/ms/candidatev2/main/careers/home	200	manual_review	darwinbox	"{""subdomain"":""moneyview""}"	https://moneyview.darwinbox.in/ms/candidateapi/job?page=1	5	Moneyview’s anonymous Darwinbox data currently declares and returns five jobs with complete details, and a strict reusable parser is included. However Cloudflare intermittently rejects Go’s standard TLS client while accepting a real Chrome session; the board is not configured until Jobwatch can access it reliably without browser impersonation.
124	Addverb Technologies	https://addverb.com/career/	https://careers.addverb.com/	200	validated_supported	hrone	"{""domain_code"":""addverb"",""api_key"":""7tWNRPWSUZu0VguJmvSJXMyljfO8M7QCdHmvF4VcAcNIOcixYwKl-ii2unEc37eeaSQ0cNuvKQZ9w-Mm0DSY-sptVvdx4sR5aFgWpv1_fBiLiCQ_FjkslFnESW19alwz"",""request_type"":""UVozgs-AUV1ILPLBxDlf7A"",""company_code"":""P3WIS3az9HUC6WAJ9eS1Rg""}"	https://app.hrone.cloud/api/external/referral/CareerPosition/Details	27	Addverb’s first-party Apply action resolves through its public HROne short link. The anonymous API returned 27 open jobs across complete 15+12 pages, and every detail response was live-validated; its public appId is included because HROne requires the same browser-visible value as a request header.
125	Sandvine	https://recruiting2.ultipro.com/PRO1053PROC/JobBoard/d6eed263-4950-420d-b9f8-5b1a441c931e/?q=&o=postedDateDesc&w=&wc=&we=&wpst=&__hstc=117532886.1e6db1a0c89022f1aeb7b10d8914f7bb.1685343845698.1685343845698.1685343845698.1&__hssc=117532886.1.1685343845699&__hsfp=166988021&hsCtaTracking=6aec2620-f1b1-40c9-89ec-eebe55a45659%7C28d5ac6e-5b70-4b33-98e4-fd825428f9cb	https://recruiting2.ultipro.com/PRO1053PROC/JobBoard/d6eed263-4950-420d-b9f8-5b1a441c931e/	200	validated_supported	ukg	"{""host"":""recruiting2.ultipro.com"",""tenant"":""PRO1053PROC"",""board"":""d6eed263-4950-420d-b9f8-5b1a441c931e""}"	https://recruiting2.ultipro.com/PRO1053PROC/JobBoard/d6eed263-4950-420d-b9f8-5b1a441c931e/JobBoardView/LoadSearchResults	12	The supplied UKG board now represents AppLogic Networks, Sandvine's successor; its anonymous paged search returned 12 open opportunities with stable UUIDs, and every detail page exposed a complete embedded posting.
126	BAKER HUGHES	https://careers.bakerhughes.com/global/en/search-results	https://bakerhughes.wd5.myworkdayjobs.com/en-US/BakerHughes	200	validated_supported	workday	"{""host"":""bakerhughes.wd5.myworkdayjobs.com"",""tenant"":""bakerhughes"",""site"":""BakerHughes""}"	https://bakerhughes.wd5.myworkdayjobs.com/wday/cxs/bakerhughes/BakerHughes/jobs	649	Baker Hughes first-party requisition R160606 matched the same title and requisition in this exact Workday tenant/site; the list API returned HTTP 200 with 649 open jobs.
127	Philips Lighting (Signify)	https://www.careers.philips.com/global/en	https://lighting.wd3.myworkdayjobs.com/en-US/jobs-and-careers	200	validated_supported	workday	"{""host"":""lighting.wd3.myworkdayjobs.com"",""tenant"":""lighting"",""site"":""jobs-and-careers""}"	https://lighting.wd3.myworkdayjobs.com/wday/cxs/lighting/jobs-and-careers/jobs	242	Signify’s current first-party careers page links this identity-matched Workday tenant/site; the list API returned HTTP 200 with 242 open jobs. The supplied Philips URL is not Signify’s board.
128	42 Gears	https://www.42gears.com/careers/?search_keywords=&selected_jobtype=-1&selected_location=india	https://www.42gears.com/careers/	200	validated_supported	forty2gears	{}	https://www.42gears.com/careers/	24	42Gears’ first-party Next.js flight payload contained all 24 openings rather than only the seven initial cards; stable slugs and complete detail payloads were verified.
129	aster dm healthcare	https://hcdt.fa.us2.oraclecloud.com/hcmUI/CandidateExperience/en/sites/CX	https://hcdt.fa.us2.oraclecloud.com/hcmUI/CandidateExperience/en/sites/CX	200	validated_supported	oraclece	"{""host"":""hcdt.fa.us2.oraclecloud.com"",""site"":""CX""}"	https://hcdt.fa.us2.oraclecloud.com/hcmRestApi/resources/latest/recruitingCEJobRequisitions	2902	The supplied Aster Oracle Candidate Experience site is exact; its anonymous list returned 2,902 jobs and complete requisition details.
130	BLACKROCK	https://careers.blackrock.com/	https://blackrock.wd1.myworkdayjobs.com/en-US/BlackRock_Professional	200	validated_supported	workday	"{""host"":""blackrock.wd1.myworkdayjobs.com"",""tenant"":""blackrock"",""site"":""BlackRock_Professional""}"	https://blackrock.wd1.myworkdayjobs.com/wday/cxs/blackrock/BlackRock_Professional/jobs	279	BlackRock’s first-party careers flow links this exact Workday tenant/site; its anonymous list API returned 279 open jobs.
131	ConveGenius	https://www.instahyre.com/jobs-at-convegenius/	https://convegenius.keka.com/careers/	200	validated_supported	keka	"{""host"":""convegenius.keka.com"",""portal"":""default"",""identifier"":""0c764aaa-3be8-4767-b051-a188dd5c0cb6""}"	https://convegenius.keka.com/careers/api/embedjobs/default/active/0c764aaa-3be8-4767-b051-a188dd5c0cb6	46	ConveGenius’ current first-party Keka board returned 46 jobs with stable IDs and complete descriptions; the supplied Instahyre listing was not used as the data source.
